Season,Player,Number,Position,College
1936,Ernie Caddel,1,WB,Stanford
1936,Ed Klewicki,10,LE,Michigan St.
1936,Harry Ebding,11,E,St. Mary's (CA)
1936,John Schneller,12,RE,Wisconsin
1936,Del Ritchhart,13,C,Colorado
1936,George Christensen,14,RT,Oregon
1936,Sid Wagner,15,G,Michigan St.
1936,Jack Johnson,16,LT,Utah
1936,Clare Randolph,17,C-G-LB-E,Indiana
1936,Joe Kopcha,18,RG,Chattanooga
1936,Regis Monahan,19,G-T,Ohio St.
1936,Frank Christensen,2,BB,Utah
1936,Ox Emerson,20,G-C,Texas
1936,Sam Knox,21,LG,"New Hampshire , Illinois"
1936,Tom Hupke,22,G-T,Alabama
1936,Jim Steen,23,T,Syracuse
1936,Red Stacy,25,RT,Oklahoma
1936,Butch Morse,27,E,Oregon
1936,Glenn Presnell,3,TB,Nebraska
1936,Wilbur White,30,B,Colorado St.
1936,Buddy Parker,4,BB,"North Texas , Centenary"
1936,Ike Petersen,40,B,Gonzaga
1936,Ace Gutowsky,5,FB,Oklahoma City
1936,Dutch Clark,7,TB,Colorado Col.
1936,Bill McKalip,8,E-WB,Oregon St.
1936,Bill Shepherd,9,FB,Western Maryland
1937,Charlie Payne,,WB,Detroit Mercy
1937,Ernie Caddel,1,WB,Stanford
1937,Ed Klewicki,10,LE,Michigan St.
1937,Harry Ebding,11,RE,St. Mary's (CA)
1937,Chuck Hanneman,12,E,Eastern Michigan
1937,Del Ritchhart,13,C,Colorado
1937,Bill Feldhaus,14,RG,Cincinnati
1937,Ralph Isselhardt,15,G,Franklin (IN)
1937,Sid Wagner,15,RG,Michigan St.
1937,Jack Johnson,16,LT,Utah
1937,Dixie Stokes,17,C,Centenary
1937,Hal Cooper,18,G,Detroit Mercy
1937,Regis Monahan,19,G-T,Ohio St.
1937,Frank Christensen,2,RT,Utah
1937,Ox Emerson,20,LG,Texas
1937,Tom Fena,21,G,Denver
1937,Tom Hupke,22,G-T,Alabama
1937,Lee Kizzire,23,FB,Wyoming
1937,Bob Reynolds,24,RT,Stanford
1937,Red Stacy,25,T-G,Oklahoma
1937,George Christensen,26,T-G,Oregon
1937,Butch Morse,27,RE,Oregon
1937,Lloyd Cardwell,3,WB-DB-FB,Nebraska
1937,Ray Reckmack,4,E-HB,Syracuse
1937,Ace Gutowsky,5,FB,Oklahoma City
1937,Vern Huffman,6,BB,Indiana
1937,Dutch Clark,7,TB,Colorado Col.
1937,Bill Shepherd,9,B,Western Maryland
1938,Ernie Caddel,1,WB,Stanford
1938,Ed Klewicki,10,LE,Michigan St.
1938,Monk Moscrip,11,RE,Stanford
1938,Chuck Hanneman,12,E,Eastern Michigan
1938,Butch Morse,13,E,Oregon
1938,George Christensen,14,T-G,Oregon
1938,Sid Wagner,15,LG,Michigan St.
1938,Jack Johnson,16,LT,Utah
1938,Dixie Stokes,17,C,Centenary
1938,Bill Rogers,18,T,Villanova
1938,Regis Monahan,19,G-T,Ohio St.
1938,Kent Ryan,2,HB,Utah St.
1938,Jim McDonald,20,B,Ohio St.
1938,Maury Patt,21,E,Carnegie Mellon
1938,Fred Vanzo,22,BB,Northwestern
1938,Les Graham,23,G,Tulsa
1938,Bob Reynolds,24,RT,Stanford
1938,Lou Barle,25,HB-QB,Minnesota-Duluth
1938,Bill Feldhaus,26,RG,Cincinnati
1938,Tony Matisi,27,T,Pittsburgh
1938,Bill Radovich,28,G,USC
1938,Jack Mackenroth,29,C,North Dakota
1938,Lloyd Cardwell,3,WB,Nebraska
1938,Alex Wojciechowicz,30,C,Fordham
1938,Dick Nardi,4,B,Ohio St.
1938,Ace Gutowsky,5,FB,Oklahoma City
1938,Vern Huffman,6,TB,Indiana
1938,Dutch Clark,7,TB-DB,Colorado Col.
1938,Paul Szakash,8,E-BB-FB,Montana
1938,Bill Shepherd,9,FB,Western Maryland
1939,Gordon Gore,10,HB,SW Oklahoma St.
1939,Monk Moscrip,11,LE,Stanford
1939,Chuck Hanneman,12,RE,Eastern Michigan
1939,John Wiatrak,13,C,Washington
1939,Ray George,14,RT,USC
1939,Tony Tonelli,15,C-G,USC
1939,Jack Johnson,16,LT,Utah
1939,Dixie Stokes,17,C,Centenary
1939,Bill Rogers,18,T,Villanova
1939,Hal Brill,2,TB,Wichita St.
1939,Jim McDonald,20,B,Ohio St.
1939,Elvin Hutchison,21,HB,Whittier
1939,Fred Vanzo,22,BB,Northwestern
1939,Bill Feldhaus,26,RG,Cincinnati
1939,Bill Radovich,28,G,USC
1939,Jim Austin,29,E,St. Mary's (CA)
1939,Lloyd Cardwell,3,WB,Nebraska
1939,Alex Wojciechowicz,30,C,Fordham
1939,Dave Diehl,32,E,Michigan St.
1939,Phil Martinovich,34,FB-G,Pacific
1939,Bill Moore,35,E-DE,North Carolina
1939,Dwight Sloan,36,TB,Arkansas
1939,Johnny Pingel,37,TB,Michigan St.
1939,Darrell Tully,4,TB-DB,Texas A&M-Commerce
1939,Ray Hamilton,42,E,Arkansas
1939,Howie Weiss,5,FB,Wisconsin
1939,Ray Clemons,55,G,Central Oklahoma
1939,Kent Ryan,6,HB,Utah St.
1939,Steve Maronic,64,T,North Carolina
1939,Tony Calvelli,66,C-G,Stanford
1939,Cal Thomas,75,G,Tulsa
1939,Socko Wiethe,78,LG,Xavier (OH)
1939,Paul Szakash,8,E-BB-FB,Montana
1939,Connie Mack Berry,83,E,North Carolina St.
1939,Bill Shepherd,9,FB,Western Maryland
1940,Les McDonald,,E,Nebraska
1940,Bill Fisk,10,E-DE,USC
1940,Chuck Hanneman,12,RE,Eastern Michigan
1940,Clem Crabtree,13,T-G,Wake Forest
1940,Cal Thomas,15,G,Tulsa
1940,Jack Johnson,16,LT,Utah
1940,Bill Rogers,18,T,Villanova
1940,Jack Morlock,21,WB,Marshall
1940,Fred Vanzo,22,BB,Northwestern
1940,Paul Moore,23,BB-LB,Presbyterian
1940,Whizzer White,24,TB,Colorado
1940,Johnny Hackenbruck,25,T,Oregon St.
1940,Bill Radovich,26,G,USC
1940,Butch Morse,27,E,Oregon
1940,Bill Feldhaus,28,RG,Cincinnati
1940,Lloyd Cardwell,3,WB,Nebraska
1940,Alex Wojciechowicz,30,C,Fordham
1940,Dave Diehl,32,E,Michigan St.
1940,Harry Smith,33,RT,USC
1940,Bill Callihan,34,B-T,Nebraska
1940,Stillman Rouse,35,LE,Missouri
1940,Dwight Sloan,36,TB,Arkansas
1940,Cotton Price,37,TB-DB-QB,Texas A&M
1940,Tony Furst,38,T,Dayton
1940,Bob Winslow,40,DE,USC
1940,Tony Calvelli,42,C,Stanford
1940,Harry Speelman,43,G,Michigan St.
1940,Steve Maronic,44,T,North Carolina
1940,Socko Wiethe,48,LG,Xavier (OH)
1940,Howie Weiss,5,FB,Wisconsin
1940,Glenn Morris,57,E,Colorado St.
1940,Kent Ryan,6,HB,Utah St.
1940,Sam Tsoutsouvas,8,C-LB,Oregon St.
1940,Bill Shepherd,9,B,Western Maryland
1941,Lloyd Cardwell,10,WB-DB-FB,Nebraska
1941,Dick Booth,11,WB,Case Western Reserve
1941,Ned Mathews,12,WB-HB,UCLA
1941,John Noppenberg,14,B,Miami (FL)
1941,Lou Tomasetti,15,FB-HB,Bucknell
1941,Fred Vanzo,22,BB,Northwestern
1941,Paul Moore,23,BB-LB,Presbyterian
1941,Bill Callihan,25,BB,Nebraska
1941,Steve Belichick,30,FB,Case Western Reserve
1941,Harry Hopp,31,FB,Nebraska
1941,Lloyd Parsons,32,B,"Minnesota , Gustavus Adolphus"
1941,Milt Piepul,33,FB,Notre Dame
1941,Cotton Price,42,TB-DB-QB,Texas A&M
1941,Whizzer White,44,TB,Colorado
1941,Billy Jefferson,46,HB,Mississippi St.
1941,Alex Wojciechowicz,50,C,Fordham
1941,Robert Nelson,51,C-T-DT-LB,Baylor
1941,Dunc Obee,52,C,Dayton
1941,Augie Lio,61,LG,Georgetown (DC)
1941,Jack Mattiford,62,G,Marshall
1941,Stan Batinski,65,G-T,Temple
1941,Bill Radovich,66,G,USC
1941,Chuck Hanneman,68,E,Eastern Michigan
1941,Socko Wiethe,68,RG,Xavier (OH)
1941,John Tripson,70,LT,Mississippi St.
1941,Ted Pavelec,71,G-T,Detroit Mercy
1941,Clem Crabtree,72,T-G,Wake Forest
1941,Tony Furst,73,RT,Dayton
1941,Emil Uremovich,75,T-DE-E,Indiana
1941,Andy Logan,76,T-C,Case Western Reserve
1941,Alex Schibanoff,79,T,Franklin & Marshall
1941,Bill Fisk,80,LE,USC
1941,Maurice Britt,81,E,Arkansas
1941,John Jett,82,E,Wake Forest
1941,Stan Andersen,82,T-E,Stanford
1941,Paul Szakash,84,RE,Montana
1941,Owen Thuerk,86,E,
1942,Lloyd Cardwell,10,WB-DB-FB,Nebraska
1942,Emil Banjavic,11,WB-DB,Arizona
1942,Ned Mathews,12,WB,UCLA
1942,Johnny Hall,14,WB-HB,TCU
1942,Paul Szakash,22,E-BB-FB,Montana
1942,Murray Evans,23,BB-QB,Hardin-Simmons
1942,Bill Callihan,25,BB,Nebraska
1942,Frank Grigonis,31,FB,Chattanooga
1942,John Polanski,32,FB,Wake Forest
1942,Harry Seltzer,33,FB,Charleston (WV)
1942,Elmer Hackney,34,FB,Kansas St.
1942,Chet Wetterlund,40,TB-DB,Illinois Wesleyan
1942,Mickey Sanzotta,42,FB,Case Western Reserve
1942,Harry Hopp,44,TB,Nebraska
1942,Tom Colella,46,HB-TB,Canisius
1942,Alex Wojciechowicz,50,RE,Fordham
1942,Sloko Gill,51,C-LB-G,Youngstown St.
1942,John Schiechl,52,C,Santa Clara
1942,Tony Arena,52,C-LB,Michigan St.
1942,Larry Sartori,60,G,Fordham
1942,Augie Lio,61,RG,Georgetown (DC)
1942,Tony Zuzzio,65,G,Muhlenberg
1942,Bill Kennedy,66,G,Michigan St.
1942,Socko Wiethe,68,G-LB,Xavier (OH)
1942,Ted Pavelec,71,LG,Detroit Mercy
1942,Hank Goodman,72,T,"St. Bonaventure , George Washington , West Virginia"
1942,George Speth,73,LT,Murray St.
1942,Emil Uremovich,75,RT,Indiana
1942,Tom Chantiles,76,T,USC
1942,Alex Schibanoff,78,LT,Franklin & Marshall
1942,Bill Fisk,80,LE,USC
1942,Joe Stringfellow,81,TB,Southern Miss
1942,Perry Scott,82,E,Muhlenberg
1942,Keith Ranspot,84,E,SMU
1942,Charlie Behan,85,E,Northern Illinois
1942,Gran Harrison,86,E,Mississippi St.
1942,Larry Knorr,88,E,"Alabama , Dayton"
1943,Lloyd Cardwell,10,WB-DB-FB,Nebraska
1943,Art Van Tone,11,WB-DB,Southern Miss
1943,Mike Corgan,17,FB,Notre Dame
1943,Bert Kuczynski,20,E,Pennsylvania
1943,Frankie Sinkwich,21,TB,Georgia
1943,Murray Evans,23,BB,Hardin-Simmons
1943,Bill Callihan,25,BB,Nebraska
1943,Elmer Hackney,34,FB,Kansas St.
1943,Roy Stuart,40,G-LB,Tulsa
1943,Ned Mathews,42,WB,UCLA
1943,Harry Hopp,44,FB,Nebraska
1943,Bob Keene,45,B,Detroit Mercy
1943,Tom Colella,46,HB-TB,Canisius
1943,Chuck Fenenbock,48,TB,UCLA
1943,Alex Wojciechowicz,50,C,Fordham
1943,Sam Busich,51,E,Ohio St.
1943,Gerry Conlee,52,C,St. Mary's (CA)
1943,Sonny Liles,62,G-LB,Oklahoma St.
1943,Alex Ketzko,64,T,Michigan St.
1943,Stan Batinski,65,G-T,Temple
1943,Anthony Rubino,66,RG,Wake Forest
1943,Lyle Rockenbach,68,G,Michigan St.
1943,Ed Opalewski,71,T,Eastern Michigan
1943,Ted Pavelec,71,G-T,Detroit Mercy
1943,Augie Lio,73,LT,Georgetown (DC)
1943,Al Kaporch,76,RT,St. Bonaventure
1943,Ernie Rosteck,78,C,
1943,Bill Fisk,80,LE,USC
1943,Bob Layden,81,E-T,Southwestern (KS)
1943,Lloyd Wickett,81,T,Oregon St.
1943,Jack Matheson,82,LG,Western Michigan
1943,Riley Matheson,83,G,"Cameron , Texas-El Paso"
1943,Ben Hightower,86,RE,Sam Houston St.
1944,John Greene,10,LG,Michigan
1944,Art Van Tone,11,WB,Southern Miss
1944,Tony Aiello,17,/,Youngstown St.
1944,Sonny Liles,20,G-LB,Oklahoma St.
1944,Frankie Sinkwich,21,TB,Georgia
1944,Fred Dawley,23,FB,Michigan
1944,Bill Callihan,25,BB,Nebraska
1944,Elmer Hackney,34,FB,Kansas St.
1944,Jackie Lowther,42,B,Detroit Mercy
1944,Bob Keene,45,B,Detroit Mercy
1944,Harry Bolton,46,T,Oklahoma St.
1944,Alex Wojciechowicz,50,C,Fordham
1944,George Sirochman,52,G,Duquesne
1944,Joe D'Orazio,60,T,Ithaca
1944,Wayne Clark,61,E,Utah
1944,Bill Rogers,62,T,Villanova
1944,Ed Eiden,62,C,Scranton
1944,Buzz Trebotich,64,B,St. Mary's (CA)
1944,Stan Batinski,65,LT,Temple
1944,Freeman Rexer,66,E,Tulane
1944,Tom Kennedy,68,T,Wayne State (MI)
1944,Ed Opalewski,71,LT,Eastern Michigan
1944,Tony Furst,73,T,Dayton
1944,Al Kaporch,75,RG,St. Bonaventure
1944,Luke Lindon,77,RT,Kentucky
1944,Ernie Rosteck,78,C,
1944,Dale Hansen,81,T,Michigan St.
1944,Jack Matheson,82,RE,Western Michigan
1944,Paul Blessing,83,E,Nebraska-Kearney
1944,Dave Diehl,84,LE,Michigan St.
1944,Bob Westfall,86,FB,Michigan
1945,John Greene,10,LE,Michigan
1945,Art Van Tone,11,WB-DB,Southern Miss
1945,Ed Frutig,11,E,Michigan
1945,Dick Mesak,12,T,St. Mary's (CA)
1945,Chuck DeShane,17,WB,Alabama
1945,Bob Sneddon,20,DB-HB-WB,"Weber St. , St. Mary's (CA)"
1945,Dick Weber,20,TB,St. Louis
1945,Sonny Liles,20,G-LB,Oklahoma St.
1945,Robert Nelson,22,C,Baylor
1945,Bill Callihan,25,LT,Nebraska
1945,Elmer Madarik,29,HB-WB,Detroit Mercy
1945,Rex Williams,30,C,Texas Tech
1945,Bob Brumley,32,WB,Rice
1945,Jim Thomason,33,WB,Texas A&M
1945,Elmer Hackney,34,FB,Kansas St.
1945,Vince Mazza,40,E,
1945,Andy Farkas,42,WB,Detroit Mercy
1945,Dave Ryan,44,TB,Hardin-Simmons
1945,Bob Keene,45,B,Detroit Mercy
1945,Larry Sartori,45,G,Fordham
1945,Ted Grefe,45,E,Northwestern
1945,Joseph Manzo,46,T,Boston Col.
1945,Chuck Fenenbock,48,TB,UCLA
1945,Alex Wojciechowicz,50,C-LB-E,Fordham
1945,Archie Milano,51,E,St. Francis (PA)
1945,Dom Sigillo,52,T-G,Xavier (OH)
1945,Damon Tassos,6,G,Texas A&M
1945,Cotton Price,62,TB-DB-QB,Texas A&M
1945,Buzz Trebotich,64,BB,St. Mary's (CA)
1945,Dick Booth,64,B,Case Western Reserve
1945,Stan Batinski,65,LG,Temple
1945,Lake Roberson,66,DE,Mississippi
1945,Larry Knorr,68,E,"Alabama , Dayton"
1945,Michael Kostiuk,71,T,Detroit Tech
1945,Bill Radovich,73,RG,USC
1945,Al Kaporch,75,T-G,St. Bonaventure
1945,Garvin Mugg,77,T,North Texas
1945,Luke Lindon,77,T,Kentucky
1945,Frank Kring,78,LB,TCU
1945,Emil Uremovich,81,RT,Indiana
1945,Joe Krol,81,HB,Western Ontario
1945,Jack Matheson,82,RE,Western Michigan
1945,Frank Szymanski,83,C,Notre Dame
1945,Dave Diehl,84,E,Michigan St.
1945,Bob Westfall,86,FB,Michigan
1946,John Greene,10,E-G-B,Michigan
1946,Ed Frutig,11,E,Michigan
1946,Chuck DeShane,17,BB,Alabama
1946,Mickey Sanzotta,18,B,Case Western Reserve
1946,Lloyd Wickett,20,T,Oregon St.
1946,Ted Cremer,21,LE,Auburn
1946,Aldo Forte,25,G-T,Montana
1946,Vince Mazza,29,E,
1946,Gene Spangler,30,WB-DB,Tulsa
1946,Ralph Jones,31,E-DE,"Union (TN) , Alabama"
1946,Walt Vezmar,33,G,Michigan St.
1946,Elmer Hackney,34,FB,Kansas St.
1946,Elmer Madarik,40,WB,Detroit Mercy
1946,Jim Jones,42,T-DB,Union (TN)
1946,Dave Ryan,44,TB,Hardin-Simmons
1946,Leon Fichman,46,RT,Alabama
1946,Alex Wojciechowicz,50,C-LB-E,Fordham
1946,Jack Helms,52,DE,Georgia Tech
1946,Ivan Schottel,55,B-E,NW Missouri St.
1946,Damon Tassos,6,RG,Texas A&M
1946,Stan Batinski,65,LG,Temple
1946,Camp Wilson,66,FB,"Tarleton St. , Hardin-Simmons , Tulsa"
1946,Anthony Rubino,68,G,Wake Forest
1946,Russ Thomas,71,LT,Ohio St.
1946,Jim Montgomery,73,T,Texas A&M
1946,Billy deCorrevont,76,WB,Northwestern
1946,Walt Jurkiewicz,80,C,Indiana
1946,Emil Uremovich,81,RT,Indiana
1946,Jack Matheson,82,RE,Western Michigan
1946,Frank Szymanski,83,C,Notre Dame
1946,Bob Cifers,84,HB,Tennessee
1946,Joel McCoy,85,TB,Alabama
1946,Bob Westfall,86,FB-LB-TB,Michigan
1946,Jim Callahan,88,TB,"Texas Tech , Texas"
1947,John Greene,10,LE,Michigan
1947,Clyde LeForce,11,QB,Tulsa
1947,Dick Stovall,12,LB-G-C,Abilene Christian
1947,Joe Watt,15,HB-DB,Syracuse
1947,Chuck DeShane,17,RG,Alabama
1947,Ted Cook,20,LE,Alabama
1947,Ted Cremer,21,RE,Auburn
1947,Tommy James,22,DB-HB,Ohio St.
1947,Ralph Heywood,31,E-DE,USC
1947,Steve Sucic,33,HB-FB,Illinois
1947,Walt Vezmar,33,G,Michigan St.
1947,Floyd Rhea,34,G,Oregon
1947,George Hekkers,34,T,Wisconsin
1947,Bill Dudley,35,LH,Virginia
1947,Bob DeFruiter,39,HB,Nebraska
1947,Elmer Madarik,40,RH,Detroit Mercy
1947,Bill Ward,42,G,"Washington St. , Washington"
1947,Bob Ivory,42,G,Detroit Mercy
1947,Ben Chase,44,G,Navy
1947,Dave Ryan,44,TB-HB,Hardin-Simmons
1947,Pete Kmetovic,45,HB,Stanford
1947,Leon Fichman,46,T,Alabama
1947,Reed Nilsen,46,C,BYU
1947,Bill Hillman,48,B,Tennessee
1947,Ken Reese,48,HB-QB,Alabama
1947,Jack Dugger,50,T-DE,Ohio St.
1947,Les Lear,51,T,Manitoba
1947,Ed Stacco,52,T,Colgate
1947,Cecil Souders,55,E-T,Ohio St.
1947,Roy Zimmerman,6,QB,San Jose St.
1947,Bill O'Brien,62,HB,
1947,Stan Batinski,65,LG,Temple
1947,Camp Wilson,66,FB,"Tarleton St. , Hardin-Simmons , Tulsa"
1947,Merv Pregulman,67,C,Michigan
1947,Russ Thomas,71,LT,Ohio St.
1947,Elmer Jones,73,G-LB,"Franklin & Marshall , Wake Forest"
1947,Robert Derleth,73,T,Michigan
1947,Bob Wiese,75,B,Michigan
1947,John Sanchez,77,T,"Redlands , San Francisco"
1947,Kelley Mote,78,E-DE-DB,"South Carolina , Duke"
1947,Joe Margucci,81,HB-QB,USC
1947,Mitch Olenski,82,RT,Alabama
1947,Frank Szymanski,83,C,Notre Dame
1947,Bob Westfall,85,FB-LB-TB,Michigan
1948,Jim Gillette,11,HB,Virginia
1948,Joe Billy Baumgardner,11,HB,Texas
1948,Earl Maves,12,WB,"Michigan , Wisconsin"
1948,Joe Watt,14,RH,Syracuse
1948,Joe Margucci,15,RH,USC
1948,Camp Wilson,16,FB,"Tarleton St. , Hardin-Simmons , Tulsa"
1948,Jim Hunnicutt,16,G,South Carolina
1948,Mel Groomes,17,HB,Indiana
1948,Andy Dudish,18,HB,Georgia
1948,Paul Sarringhaus,18,HB,Ohio St.
1948,Clyde LeForce,22,QB,Tulsa
1948,Fred Enke,24,QB,Arizona
1948,Larry Ellis,28,LB,Syracuse
1948,Elmer Madarik,30,HB-WB,Detroit Mercy
1948,Ken Roskie,30,FB,South Carolina
1948,Steve Sucic,33,HB-FB,Illinois
1948,Bill Dudley,35,LH,Virginia
1948,Max Bumgardner,36,DE,Texas
1948,Bob Wiese,38,B,Michigan
1948,Charley Sarratt,40,QB,"Clemson , Oklahoma"
1948,George Grimes,42,DB-WB,"North Carolina , Virginia"
1948,Bap Manzini,53,C,St. Vincent
1948,Howard Duncan,53,C,Ohio St.
1948,Roger Harding,55,C-LB,California
1948,Merv Pregulman,57,C,Michigan
1948,Chuck DeShane,60,B-G,Alabama
1948,Elmer Jones,62,G-LB,"Franklin & Marshall , Wake Forest"
1948,Bill Miklich,63,LB-BB-C,Idaho
1948,Howie Brown,64,LG,Indiana
1948,Les Bingaman,65,DG-G,Illinois
1948,Dick Stovall,66,LB-G-C,Abilene Christian
1948,Bill Ward,67,RG,"Washington St. , Washington"
1948,George Hekkers,70,T,Wisconsin
1948,Russ Thomas,71,LT,Ohio St.
1948,Jack Dugger,74,RT,Ohio St.
1948,Paul Briggs,76,T,Colorado
1948,Dale Hansen,77,T,Michigan St.
1948,Ralph Heywood,80,E-DE,USC
1948,John Greene,81,RE,Michigan
1948,Cecil Souders,82,RE,Ohio St.
1948,Kelley Mote,83,LE,"South Carolina , Duke"
1948,Ted Cremer,85,E-DE,Auburn
1948,Bob Mann,87,LE,Michigan
1948,Ivan Schottel,88,B-E,NW Missouri St.
1949,Hal Prescott,,E,Hardin-Simmons
1949,Cloyce Box,11,RH,"Louisiana Tech , West Texas A&M"
1949,Camp Wilson,16,FB,"Tarleton St. , Hardin-Simmons , Tulsa"
1949,Mel Groomes,17,HB,Indiana
1949,Wally Triplett,18,RH,Penn St.
1949,Chick Maggioli,19,DB-HB,"Indiana , Notre Dame , Illinois"
1949,Clyde LeForce,22,QB,Tulsa
1949,Fred Enke,24,QB,Arizona
1949,Frank Tripucka,28,QB,Notre Dame
1949,John Panelli,33,LB-FB,Notre Dame
1949,Bill Dudley,35,LH,Virginia
1949,John Hollar,36,FB,Appalachian St.
1949,Jim Mello,38,DB-FB-LB,Notre Dame
1949,Bob Smith,40,DB-HB-WB,"Tulsa , Iowa"
1949,Don Doll,44,DB,USC
1949,Bob Pifferini,53,C,San Jose St.
1949,George Karstens,55,C,Indiana
1949,Chuck DeShane,60,B-G,Alabama
1949,Mario DeMarco,63,LG,Miami (FL)
1949,Howie Brown,64,RT,Indiana
1949,Les Bingaman,65,DG-G,Illinois
1949,Bill Ward,67,RG,"Washington St. , Washington"
1949,George Hekkers,70,LT,Wisconsin
1949,Russ Thomas,71,T,Ohio St.
1949,Jack Simmons,73,C,"Maryland , Detroit Mercy"
1949,John Prchlik,75,DT-T,Yale
1949,John Treadaway,76,T,Hardin-Simmons
1949,Mike Roussos,76,T,Pittsburgh
1949,John Greene,81,RE,Michigan
1949,Cecil Souders,82,LT,Ohio St.
1949,Kelley Mote,83,E-DE-DB,"South Carolina , Duke"
1949,Barney Hafen,84,DE-E,Utah
1949,Abe Addams,85,/,Indiana
1949,Sam Goldman,85,E,"Ohio St. , Samford"
1949,Al Russas,86,T-DE,Tennessee
1949,Bob Mann,87,LE,Michigan
1949,Ollie Poole,88,DE-E,"North Carolina , Mississippi"
1950,Clarence Self,11,SS,Wisconsin
1950,Dan Sandifer,12,DB,LSU
1950,Bob Hoernschemeyer,14,RH,"Indiana , Navy"
1950,Dante Magnani,16,HB,St. Mary's (CA)
1950,Gerry Krall,17,HB,Ohio St.
1950,Wally Triplett,18,HB,Penn St.
1950,Bobby Layne,22,QB,Texas
1950,Fred Enke,24,QB,Arizona
1950,Don Panciera,28,DB,"Boston Col. , San Francisco"
1950,Ollie Cline,30,FB,Ohio St.
1950,John Panelli,33,LLB,Notre Dame
1950,Bill Schroll,36,LDH,LSU
1950,Doak Walker,37,LH,SMU
1950,Bob Smith,40,FS,"Tulsa , Iowa"
1950,Lindy Pearson,42,HB,Oklahoma
1950,Don Doll,44,RDH,USC
1950,Joe Watson,51,C,Rice
1950,Jack Simmons,53,C,"Maryland , Detroit Mercy"
1950,Jack Lininger,57,RLB,Ohio St.
1950,Joe Soboleski,60,G,Michigan
1950,Howie Brown,64,RG,Indiana
1950,Les Bingaman,65,MG,Illinois
1950,Gus Cifelli,70,RT,"Nevada , Notre Dame"
1950,Chet Bulger,71,LT,Auburn
1950,Floyd Jaszewski,72,LT/RT,Minnesota
1950,Thurman McGraw,73,LDT,Colorado St.
1950,Dick Flanagan,74,G,Ohio St.
1950,Lloyd McDermott,74,DT,Kentucky
1950,John Prchlik,75,RDT,Yale
1950,Lou Creekmur,76,LG,William & Mary
1950,Cloyce Box,80,LE,"Louisiana Tech , West Texas A&M"
1950,John Greene,81,E,Michigan
1950,Rex Grossman,81,K,Indiana
1950,Leon Hart,82,RE,Notre Dame
1950,Barney Hafen,84,LDE,Utah
1950,Jim Cain,88,RDE,Alabama
1950,Dick Rifenburg,89,E,Michigan
1951,Clarence Self,11,LDH,Wisconsin
1951,Jim Hill,12,DB,Tennessee
1951,Bob Hoernschemeyer,14,RH,"Indiana , Navy"
1951,Pete D'Alonzo,16,FB,Villanova
1951,Jack Christiansen,19,FS,Colorado St.
1951,Bobby Layne,22,QB,Texas
1951,Fred Enke,24,QB,Arizona
1951,Ollie Cline,30,FB,Ohio St.
1951,Pat Harder,34,FB,Wisconsin
1951,Art Murakowski,35,DB,Northwestern
1951,Doak Walker,37,LH,SMU
1951,Bob Smith,40,RDH,"Tulsa , Iowa"
1951,Lindy Pearson,42,HB,Oklahoma
1951,Don Doll,44,SS,USC
1951,Vince Banonis,51,C,Detroit Mercy
1951,LaVern Torgeson,53,C/RLB,Washington St.
1951,Jack Lininger,55,LB,Ohio St.
1951,Bruce Womack,60,G,West Texas A&M
1951,Bob Momsen,63,MG,Ohio St.
1951,Dan Rogas,64,RG,Tulane
1951,Les Bingaman,65,C,Illinois
1951,Barry French,67,G,Purdue
1951,Gus Cifelli,70,RT,"Nevada , Notre Dame"
1951,Floyd Jaszewski,72,LT/LDT,Minnesota
1951,Thurman McGraw,73,LDT,Colorado St.
1951,Dick Flanagan,74,LLB/RG,Ohio St.
1951,John Prchlik,75,RDT,Yale
1951,Lou Creekmur,76,LG,William & Mary
1951,Leon Hart,82,RE,Notre Dame
1951,Jim Doran,83,RDE,"Buena Vista , Iowa St."
1951,Dorne Dibble,84,LE/LDH,Michigan St.
1951,Ed Berrang,85,LDE,Villanova
1951,Bill Swiacki,88,LE,"Holy Cross , Columbia"
1951,Jim Martin,89,LT/LDE,Notre Dame
1952,Jim Hardy,1,QB,USC
1952,Bob Hoernschemeyer,14,RH,"Indiana , Navy"
1952,Tom Dublinski,19,QB,Utah
1952,Clyde Scott,20,HB,"Navy , Arkansas"
1952,Bobby Layne,22,QB,Texas
1952,Jug Girard,23,LH,Wisconsin
1952,Jack Christiansen,24,FS,Colorado St.
1952,Jim David,25,LDH,Colorado St.
1952,Yale Lary,28,RDH,Texas A&M
1952,Ollie Cline,33,FB,Ohio St.
1952,Pat Harder,34,FB,Wisconsin
1952,Doak Walker,37,LH,SMU
1952,Pete D'Alonzo,39,FB,Villanova
1952,Bob Smith,40,SS,"Tulsa , Iowa"
1952,Lindy Pearson,42,HB,Oklahoma
1952,Don Doll,44,SS,USC
1952,Byron Bailey,45,HB,Washington St.
1952,Jim Hill,48,DB,Tennessee
1952,Keith Flowers,50,LB,TCU
1952,Vince Banonis,51,C,Detroit Mercy
1952,LaVern Torgeson,53,RLB,Washington St.
1952,Dick Flanagan,60,LLB,Ohio St.
1952,Jim Martin,62,LG,Notre Dame
1952,Dick Stanfel,63,RG,San Francisco
1952,Les Bingaman,65,MG,Illinois
1952,Stan Campbell,66,G,Iowa St.
1952,Gus Cifelli,70,RT,"Nevada , Notre Dame"
1952,Thurman McGraw,73,LDT,Colorado St.
1952,Bob Miller,74,DT,Virginia
1952,John Prchlik,75,RDT,Yale
1952,Lou Creekmur,76,LT,William & Mary
1952,Cloyce Box,80,LE,"Louisiana Tech , West Texas A&M"
1952,Bill Swiacki,81,LE,"Holy Cross , Columbia"
1952,Leon Hart,82,RE,Notre Dame
1952,Jim Doran,83,LDE,"Buena Vista , Iowa St."
1952,Pat Summerall,84,DE,Arkansas
1952,Sonny Gandee,85,LDE,Ohio St.
1952,Blaine Earon,86,RDE,Duke
1953,Bob Hoernschemeyer,14,RH,"Indiana , Navy"
1953,Tom Dublinski,19,QB,Utah
1953,Carl Karilivacz,21,DB,Syracuse
1953,Bobby Layne,22,QB,Texas
1953,Jug Girard,23,HB,Wisconsin
1953,Jack Christiansen,24,SS,Colorado St.
1953,Jim David,25,LDH,Colorado St.
1953,Gene Gedman,26,RH,Indiana
1953,Yale Lary,28,FS,Texas A&M
1953,Lew Carpenter,32,FB,Arkansas
1953,Ollie Cline,33,FB,Ohio St.
1953,Pat Harder,34,FB,Wisconsin
1953,Bob Smith,36,FB,Texas A&M
1953,Doak Walker,37,LH,SMU
1953,Bob Smith,40,RDH,"Tulsa , Iowa"
1953,Bob Dove,42,DE,Notre Dame
1953,Charlie Ane,50,LT,USC
1953,Vince Banonis,51,C,Detroit Mercy
1953,LaVern Torgeson,53,RLB,Washington St.
1953,Joe Schmidt,56,LLB,Pittsburgh
1953,Jim Martin,62,LB,Notre Dame
1953,Dick Stanfel,63,RG,San Francisco
1953,Les Bingaman,65,MG,Illinois
1953,Harley Sewell,66,LG,Texas
1953,Thurman McGraw,73,LDT,Colorado St.
1953,Bob Miller,74,RDT,Virginia
1953,John Prchlik,75,RDT,Yale
1953,Lou Creekmur,76,LT/LG,William & Mary
1953,Ollie Spencer,78,RT,Kansas
1953,Cloyce Box,80,LE,"Louisiana Tech , West Texas A&M"
1953,Leon Hart,82,RE,Notre Dame
1953,Jim Doran,83,DE,"Buena Vista , Iowa St."
1953,Gil Mains,84,DE,Murray St.
1953,Sonny Gandee,85,LDE,Ohio St.
1953,Blaine Earon,86,DE,Duke
1953,Dorne Dibble,87,E,Michigan St.
1953,Jim Cain,88,RDE/LDE,Alabama
1954,Bob Hoernschemeyer,14,RH,"Indiana , Navy"
1954,Tom Dublinski,19,QB,Utah
1954,Bill Stits,20,RDH,UCLA
1954,Carl Karilivacz,21,FS,Syracuse
1954,Bobby Layne,22,QB,Texas
1954,Jug Girard,23,RE,Wisconsin
1954,Jack Christiansen,24,SS,Colorado St.
1954,Jim David,25,LDH,Colorado St.
1954,Bill Bowman,33,FB,William & Mary
1954,Lew Carpenter,34,RH,Arkansas
1954,Bob Smith,36,FB,Texas A&M
1954,Doak Walker,37,LH,SMU
1954,Bob Smith,40,DB,"Tulsa , Iowa"
1954,Dick Kercher,43,DB,Tulsa
1954,Charlie Ane,50,RT,USC
1954,Andy Miketa,52,C,North Carolina
1954,LaVern Torgeson,53,RLB,Washington St.
1954,Joe Schmidt,56,LLB,Pittsburgh
1954,Jim Martin,62,RG,Notre Dame
1954,Dick Stanfel,63,RG,San Francisco
1954,Les Bingaman,65,MG,Illinois
1954,Harley Sewell,66,LG,Texas
1954,Gerry Perry,70,LDT,"Pepperdine , California"
1954,Gil Mains,72,LDT,Murray St.
1954,Thurman McGraw,73,T,Colorado St.
1954,Bob Miller,74,RDT,Virginia
1954,Lou Creekmur,76,LT,William & Mary
1954,Bob Dove,78,LDE,Notre Dame
1954,Cloyce Box,80,HB,"Louisiana Tech , West Texas A&M"
1954,Leon Hart,82,RE,Notre Dame
1954,Jim Doran,83,E,"Buena Vista , Iowa St."
1954,Dorne Dibble,84,LE,Michigan St.
1954,Hal Turner,84,DE,Tennessee St.
1954,Sonny Gandee,85,LDE,Ohio St.
1954,Jim Cain,88,RDE,Alabama
1955,Harry Gilmer,12,QB,Alabama
1955,Bob Hoernschemeyer,14,B,"Indiana , Navy"
1955,Bill Stits,20,RDH,UCLA
1955,Carl Karilivacz,21,FS,Syracuse
1955,Bobby Layne,22,QB,Texas
1955,Jug Girard,23,HB,Wisconsin
1955,Jack Christiansen,24,SS,Colorado St.
1955,Jim David,25,LDH,Colorado St.
1955,Dave Middleton,28,RH/RE,Auburn
1955,Lew Carpenter,34,FB/RH,Arkansas
1955,Doak Walker,37,LH,SMU
1955,Lee Riley,44,DB,Detroit Mercy
1955,Dom Fucci,48,DB,Kentucky
1955,Richie Woit,48,DB,Arkansas St.
1955,Charlie Ane,50,C,USC
1955,Andy Miketa,52,C,North Carolina
1955,Ted Topor,54,LB,Michigan
1955,Joe Schmidt,56,LLB,Pittsburgh
1955,Leon Cunningham,57,LB,South Carolina
1955,Jim Salsbury,60,MG,UCLA
1955,Jim Martin,61,LB,Notre Dame
1955,George Atkins,62,RG,Auburn
1955,Dick Stanfel,63,LT/RG,San Francisco
1955,Bud Brooks,64,G,Arkansas
1955,Harley Sewell,66,LG,Texas
1955,Stan Campbell,67,G,Iowa St.
1955,Jim Ricca,68,MG,Georgetown (DC)
1955,Gil Mains,72,LDT,Murray St.
1955,Bob Miller,74,RDT,Virginia
1955,Lou Creekmur,76,LT,William & Mary
1955,Darris McCord,78,RT,Tennessee
1955,Leon Hart,82,FB/LDE,Notre Dame
1955,Jim Doran,83,LE,"Buena Vista , Iowa St."
1955,Sonny Gandee,85,RLB,Ohio St.
1955,Bob Long,86,LDE,UCLA
1955,Walt Yowarsky,86,DE,Kentucky
1955,Dorne Dibble,87,RE,Michigan St.
1955,Jim Cain,88,RDE,Alabama
1955,Walt Jenkins,89,DE,Wayne State (MI)
1956,Harry Gilmer,12,QB,Alabama
1956,Jerry Reichow,15,QB,Iowa
1956,Bill Stits,20,HB,UCLA
1956,Carl Karilivacz,21,RDH,Syracuse
1956,Bobby Layne,22,QB,Texas
1956,Jug Girard,23,HB,Wisconsin
1956,Jack Christiansen,24,SS,Colorado St.
1956,Jim David,25,LDH,Colorado St.
1956,Gene Gedman,26,RH/FB,Indiana
1956,Yale Lary,28,FS,Texas A&M
1956,Tom Tracy,30,FB,Tennessee
1956,Bill Bowman,33,FB,William & Mary
1956,Howard Cassady,40,LH,Ohio St.
1956,Don McIlhenny,42,RH,SMU
1956,Jim Martin,47,LB,Notre Dame
1956,Charlie Ane,50,C,USC
1956,Joe Schmidt,56,MLB,Pittsburgh
1956,Bob Lusk,57,C,William & Mary
1956,Jim Salsbury,60,RG,UCLA
1956,Harley Sewell,66,LG,Texas
1956,Stan Campbell,67,G,Iowa St.
1956,Gene Cronin,68,RLB,"Sacramento CC , Pacific"
1956,Ray Krouse,70,LDT,Maryland
1956,Gil Mains,72,RDE,Murray St.
1956,Bob Miller,74,RDT,Virginia
1956,Ollie Spencer,75,RT,Kansas
1956,Lou Creekmur,76,LT,William & Mary
1956,Darris McCord,78,LDE,Tennessee
1956,Gerry Perry,79,DE,"Pepperdine , California"
1956,Leon Hart,82,FB,Notre Dame
1956,Jim Doran,83,FL,"Buena Vista , Iowa St."
1956,Dave Middleton,84,RE,Auburn
1956,Sonny Gandee,85,LLB,Ohio St.
1956,Bob Long,86,RLB,UCLA
1956,Dorne Dibble,87,LE,Michigan St.
1957,Tobin Rote,18,QB,Rice
1957,Carl Karilivacz,21,RDH,Syracuse
1957,Bobby Layne,22,QB,Texas
1957,Jack Christiansen,24,SS,Colorado St.
1957,Jim David,25,LDH,Colorado St.
1957,Gene Gedman,26,LH,Indiana
1957,Yale Lary,28,FS,Texas A&M
1957,Tom Tracy,30,FB,Tennessee
1957,John Henry Johnson,35,FB,"St. Mary's (CA) , Arizona St."
1957,Howard Cassady,40,RH,Ohio St.
1957,Terry Barr,41,DB,Michigan
1957,Marv Brown,42,HB,"Tarleton St. , Texas A&M-Commerce"
1957,Gary Lowe,43,DB,Michigan St.
1957,Jim Martin,47,K,Notre Dame
1957,Charlie Ane,50,RT,USC
1957,Frank Gatski,52,C,"Marshall , Auburn"
1957,Joe Schmidt,56,MLB,Pittsburgh
1957,Roger Zatkoff,57,RLB,Michigan
1957,Harley Sewell,66,LG,Texas
1957,Stan Campbell,67,RG,Iowa St.
1957,Gene Cronin,68,RDE,"Sacramento CC , Pacific"
1957,Ray Krouse,70,LDT,Maryland
1957,Gil Mains,72,RDE/RDT,Murray St.
1957,Ken Russell,73,T,Bowling Green
1957,Bob Miller,74,RDT,Virginia
1957,John Gordy,75,RG,Tennessee
1957,Lou Creekmur,76,LT,William & Mary
1957,Darris McCord,78,LDE,Tennessee
1957,Gerry Perry,79,G,"Pepperdine , California"
1957,Jerry Reichow,80,FL,Iowa
1957,Leon Hart,82,FB,Notre Dame
1957,Jim Doran,83,RE/LE,"Buena Vista , Iowa St."
1957,Dave Middleton,84,LE,Auburn
1957,Bob Long,86,LLB,UCLA
1957,Dorne Dibble,87,E,Michigan St.
1957,Steve Junker,88,RE,Xavier (OH)
1958,Earl Morrall,14,QB,Michigan St.
1958,Tobin Rote,18,QB,Rice
1958,Bobby Layne,22,QB,Texas
1958,Dave Whitsell,23,DB,Indiana
1958,Jack Christiansen,24,FS,Colorado St.
1958,Jim David,25,LDH,Colorado St.
1958,Gene Gedman,26,FB,Indiana
1958,Yale Lary,28,SS,Texas A&M
1958,Ken Webb,34,LH,Presbyterian
1958,John Henry Johnson,35,FB,"St. Mary's (CA) , Arizona St."
1958,Howard Cassady,40,RH,Ohio St.
1958,Terry Barr,41,RDH,Michigan
1958,Gary Lowe,43,DB,Michigan St.
1958,Dan Lewis,45,HB,Wisconsin
1958,Jim Martin,47,LB,Notre Dame
1958,Charlie Ane,50,C,USC
1958,Bill Glass,53,C,Baylor
1958,Wayne Walker,55,LB,Idaho
1958,Joe Schmidt,56,MLB,Pittsburgh
1958,Roger Zatkoff,57,RLB,Michigan
1958,Karl Koepfer,60,G,Bowling Green
1958,Doug Hogland,64,G,Oregon St.
1958,Harley Sewell,66,LG,Texas
1958,Stan Campbell,67,RG,Iowa St.
1958,Alex Karras,71,LDT,Iowa
1958,Gil Mains,72,RDT,Murray St.
1958,Ken Russell,73,RT,Bowling Green
1958,Bob Miller,74,LDT,Virginia
1958,Lou Creekmur,76,LT,William & Mary
1958,Darris McCord,78,LDE,Tennessee
1958,Gerry Perry,79,DE,"Pepperdine , California"
1958,Tom Rychlec,81,E,American Int.
1958,Jim Doran,83,LE,"Buena Vista , Iowa St."
1958,Dave Middleton,84,LE/RE,Auburn
1958,Gene Cronin,85,RDE,"Sacramento CC , Pacific"
1958,Bob Long,86,LLB,UCLA
1958,Jim Gibbons,87,RE,Iowa
1958,Perry Richards,87,E,Detroit Mercy
1959,Earl Morrall,14,QB,Michigan St.
1959,Tobin Rote,18,QB,Rice
1959,Jim Steffen,20,DB,"Occidental , UCLA"
1959,Dave Whitsell,23,DB,Indiana
1959,Dick LeBeau,24,FS,Ohio St.
1959,Jim David,25,LDH,Colorado St.
1959,Yale Lary,28,RDH,Texas A&M
1959,Nick Pietrosante,33,FB,Notre Dame
1959,Ken Webb,34,FB,Presbyterian
1959,John Henry Johnson,35,FB,"St. Mary's (CA) , Arizona St."
1959,Howard Cassady,40,LH,Ohio St.
1959,Terry Barr,41,RDH,Michigan
1959,Gary Lowe,43,SS,Michigan St.
1959,Dan Lewis,45,RH,Wisconsin
1959,Jim Martin,47,RLB,Notre Dame
1959,Charlie Ane,50,C,USC
1959,Bill Glass,53,RDE,Baylor
1959,Wayne Walker,55,RLB,Idaho
1959,Joe Schmidt,56,MLB,Pittsburgh
1959,Bob Grottkau,60,RG,Oregon
1959,Mike Rabold,64,G,Indiana
1959,Harley Sewell,66,LG,Texas
1959,Alex Karras,71,LDT,Iowa
1959,Gil Mains,72,RDT,Murray St.
1959,Ken Russell,73,T,Bowling Green
1959,Jim Weatherall,74,DT,Oklahoma
1959,John Gordy,75,RG,Tennessee
1959,Lou Creekmur,76,LT,William & Mary
1959,Ollie Spencer,76,RT,Kansas
1959,Ben Paolucci,77,DT,Wayne State (MI)
1959,Darris McCord,78,LDE,Tennessee
1959,Gerry Perry,79,DE,"Pepperdine , California"
1959,Jim Gibbons,80,RE,Iowa
1959,Jim Doran,83,E,"Buena Vista , Iowa St."
1959,Dave Middleton,84,LE,Auburn
1959,Gene Cronin,85,LB,"Sacramento CC , Pacific"
1959,Bob Long,86,LLB,UCLA
1959,Jerry Reichow,87,E,Iowa
1959,Gene Cook,88,E,Toledo
1959,Steve Junker,88,TE,Xavier (OH)
1960,Earl Morrall,14,QB,Michigan St.
1960,Jim Ninowski,15,QB,Michigan St.
1960,Warren Rabb,18,QB,LSU
1960,Jim Steffen,20,DB,"Occidental , UCLA"
1960,Bruce Maher,21,DB,Detroit Mercy
1960,Dave Whitsell,23,DB,Indiana
1960,Dick LeBeau,24,RCB,Ohio St.
1960,Yale Lary,28,FS,Texas A&M
1960,Nick Pietrosante,33,FB,Notre Dame
1960,Ken Webb,34,HB,Presbyterian
1960,Howard Cassady,40,RHB,Ohio St.
1960,Terry Barr,41,LHB,Michigan
1960,Gary Lowe,43,SS,Michigan St.
1960,Dan Lewis,45,LHB,Wisconsin
1960,Jim Martin,47,K,Notre Dame
1960,Bob Scholtz,50,C,Notre Dame
1960,Bill Glass,53,RDE,Baylor
1960,Wayne Walker,55,RLB,Idaho
1960,Joe Schmidt,56,MLB,Pittsburgh
1960,Carl Brettschneider,57,LLB,Iowa St.
1960,Bob Grottkau,60,G,Oregon
1960,Max Messner,64,LB,Cincinnati
1960,Harley Sewell,66,LG,Texas
1960,Grady Alderman,67,G,Detroit Mercy
1960,Willie McClung,70,RT,Florida A&M
1960,Alex Karras,71,LDT,Iowa
1960,Gil Mains,72,DE,Murray St.
1960,Ollie Spencer,73,LT,Kansas
1960,Jim Weatherall,74,DT,Oklahoma
1960,John Gordy,75,RG,Tennessee
1960,Roger Brown,76,RDT,MD-Eastern Shore
1960,Darris McCord,78,LDE,Tennessee
1960,Jim Gibbons,80,RE,Iowa
1960,Night Train Lane,81,LCB,Western Nebraska CC
1960,Dave Middleton,84,E,Auburn
1960,Sam Williams,85,DE,Michigan St.
1960,Glenn Davis,87,WR,Ohio St.
1960,Steve Junker,88,TE,Xavier (OH)
1960,Gail Cogdill,89,LE,Washington St.
1961,Johnny Olszewski,0,FB,California
1961,Earl Morrall,14,QB,Michigan St.
1961,Jim Ninowski,15,QB,Michigan St.
1961,Jim Steffen,20,DB,"Occidental , UCLA"
1961,Bruce Maher,21,RCB,Detroit Mercy
1961,Pat Studstill,25,P,Houston
1961,Yale Lary,28,FS,Texas A&M
1961,Nick Pietrosante,33,FB,Notre Dame
1961,Ken Webb,34,FB,Presbyterian
1961,Howard Cassady,40,HB,Ohio St.
1961,Terry Barr,41,FL,Michigan
1961,Gary Lowe,43,SS,Michigan St.
1961,Dick LeBeau,44,RCB,Ohio St.
1961,Dan Lewis,45,HB,Wisconsin
1961,Jim Martin,47,K,Notre Dame
1961,Bob Scholtz,50,C,Notre Dame
1961,Bill Glass,53,RDE,Baylor
1961,Max Messner,54,LB,Cincinnati
1961,Wayne Walker,55,RLB,Idaho
1961,Joe Schmidt,56,MLB,Pittsburgh
1961,Carl Brettschneider,57,LLB,Iowa St.
1961,Bob Whitlow,61,C,"Indiana , Arizona"
1961,Harley Sewell,66,LG,Texas
1961,Dick Mills,67,G,Pittsburgh
1961,Willie McClung,70,T,Florida A&M
1961,Alex Karras,71,LDT,Iowa
1961,Gil Mains,72,DT,Murray St.
1961,Ollie Spencer,73,T,Kansas
1961,Paul Ward,74,DT,Whitworth
1961,John Gordy,75,RG,Tennessee
1961,Roger Brown,76,RDT,MD-Eastern Shore
1961,Dan LaRose,77,RT,Missouri
1961,Darris McCord,78,LDE,Tennessee
1961,John Gonzaga,79,LT,
1961,Jim Gibbons,80,RE,Iowa
1961,Night Train Lane,81,LCB,Western Nebraska CC
1961,Glenn Davis,87,WR,Ohio St.
1961,Sam Williams,88,DE,Michigan St.
1961,Gail Cogdill,89,LE,Washington St.
1962,Earl Morrall,14,QB,Michigan St.
1962,Milt Plum,16,QB,Penn St.
1962,Dick Compton,20,HB,McMurry
1962,Bruce Maher,21,RCB,Detroit Mercy
1962,Tom Watkins,23,HB,Iowa St.
1962,Pat Studstill,25,FL,Houston
1962,Yale Lary,28,FS,Texas A&M
1962,Nick Pietrosante,33,FB,Notre Dame
1962,Ken Webb,34,FB,Presbyterian
1962,Terry Barr,41,FL,Michigan
1962,Gary Lowe,43,SS,Michigan St.
1962,Dick LeBeau,44,RCB/SS,Ohio St.
1962,Dan Lewis,45,HB,Wisconsin
1962,Bob Scholtz,50,LT,Notre Dame
1962,Bob Whitlow,51,C,"Indiana , Arizona"
1962,Dave Lloyd,52,LB,"Texas Tech , Georgia"
1962,Max Messner,54,LB,Cincinnati
1962,Wayne Walker,55,RLB,Idaho
1962,Joe Schmidt,56,MLB,Pittsburgh
1962,Carl Brettschneider,57,LLB,Iowa St.
1962,John Lomakoski,64,T,Western Michigan
1962,Harley Sewell,66,LG,Texas
1962,Dick Mills,67,G,Pittsburgh
1962,Alex Karras,71,LDT,Iowa
1962,Paul Ward,73,G,Whitworth
1962,Mike Bundra,74,DT,USC
1962,John Gordy,75,RG,Tennessee
1962,Roger Brown,76,RDT,MD-Eastern Shore
1962,Dan LaRose,77,RT,Missouri
1962,Darris McCord,78,LDE,Tennessee
1962,John Gonzaga,79,LT,
1962,Jim Gibbons,80,TE,Iowa
1962,Night Train Lane,81,LCB,Western Nebraska CC
1962,Harlon Hill,82,SE,North Alabama
1962,Leo Sugar,84,DE,Purdue
1962,Larry Vargo,85,SE,Detroit Mercy
1962,Tom Hall,86,RB,Minnesota
1962,Sam Williams,88,RDE,Michigan St.
1962,Gail Cogdill,89,LE,Washington St.
1963,Earl Morrall,14,QB,Michigan St.
1963,Milt Plum,16,QB,Penn St.
1963,Dick Compton,20,SE,McMurry
1963,Bruce Maher,21,SS,Detroit Mercy
1963,Tom Watkins,23,HB,Iowa St.
1963,Yale Lary,28,FS,Texas A&M
1963,Ollie Matson,30,FB,San Francisco
1963,Nick Pietrosante,33,FB,Notre Dame
1963,Nick Ryder,34,FB,Miami (FL)
1963,Howard Cassady,40,DB,Ohio St.
1963,Terry Barr,41,FL,Michigan
1963,Gary Lowe,43,DB,Michigan St.
1963,Dick LeBeau,44,RCB,Ohio St.
1963,Dan Lewis,45,HB,Wisconsin
1963,Larry Ferguson,46,HB,Iowa
1963,Bob Scholtz,50,RT,Notre Dame
1963,Bob Whitlow,51,C,"Indiana , Arizona"
1963,Monte Lee,52,LB,Texas
1963,Dennis Gaubatz,53,MLB,LSU
1963,Max Messner,54,LLB,Cincinnati
1963,Wayne Walker,55,RLB,Idaho
1963,Joe Schmidt,56,MLB,Pittsburgh
1963,Carl Brettschneider,57,LLB,Iowa St.
1963,Ernie Clark,59,LB,Michigan St.
1963,Lucien Reeberg,61,RT,Hampton
1963,Daryl Sanders,70,LT,Ohio St.
1963,Floyd Peters,72,LDT,San Francisco St.
1963,Mike Bundra,74,DT,USC
1963,John Gordy,75,RG,Tennessee
1963,Roger Brown,76,RDT,MD-Eastern Shore
1963,Dan LaRose,77,LG,Missouri
1963,Darris McCord,78,LDE,Tennessee
1963,John Gonzaga,79,LG,
1963,Jim Gibbons,80,TE,Iowa
1963,Night Train Lane,81,LCB,Western Nebraska CC
1963,Al Greer,82,E,Jackson St.
1963,Jim Simon,83,DE,Miami (FL)
1963,Larry Vargo,85,DB,Detroit Mercy
1963,Tom Hall,86,FS,Minnesota
1963,Sam Williams,88,RDE,Michigan St.
1963,Gail Cogdill,89,LE,Washington St.
1964,Sonny Gibbs,10,QB,TCU
1964,Earl Morrall,14,QB,Michigan St.
1964,Milt Plum,16,QB,Penn St.
1964,Dick Compton,20,HB,McMurry
1964,Bruce Maher,21,SS,Detroit Mercy
1964,Tom Watkins,23,HB,Iowa St.
1964,Pat Studstill,25,WR,Houston
1964,Bobby Thompson,27,LCB/RCB,Arizona
1964,Yale Lary,28,FS,Texas A&M
1964,Pat Batten,30,FB,Hardin-Simmons
1964,Nick Pietrosante,33,FB,Notre Dame
1964,Nick Ryder,34,FB,Miami (FL)
1964,Hugh McElhenny,39,HB,Washington
1964,Terry Barr,41,FL,Michigan
1964,Gary Lowe,43,SS,Michigan St.
1964,Dick LeBeau,44,RCB/LCB,Ohio St.
1964,Dan Lewis,45,HB,Wisconsin
1964,Wayne Rasmussen,47,DB,South Dakota St.
1964,Bob Scholtz,50,C,Notre Dame
1964,Bob Whitlow,51,C,"Indiana , Arizona"
1964,Monte Lee,52,LB,Texas
1964,Dennis Gaubatz,53,MLB/LLB,LSU
1964,Wayne Walker,55,RLB,Idaho
1964,Joe Schmidt,56,MLB,Pittsburgh
1964,Ernie Clark,59,LLB,Michigan St.
1964,Roger LaLonde,65,DT,Muskingum
1964,Jim Simon,66,RT,Miami (FL)
1964,Wally Hilgenberg,67,LB,Iowa
1964,Daryl Sanders,70,LT,Ohio St.
1964,Alex Karras,71,LDT,Iowa
1964,J.D. Smith,72,RT,Rice
1964,John Gordy,75,RG,Tennessee
1964,Roger Brown,76,RDT,MD-Eastern Shore
1964,Darris McCord,78,LDE,Tennessee
1964,John Gonzaga,79,LG,
1964,Jim Gibbons,80,TE,Iowa
1964,Night Train Lane,81,CB,Western Nebraska CC
1964,Bill Quinlan,83,DE,Michigan St.
1964,Hugh McInnis,84,TE,Southern Miss
1964,Warren Wells,87,WR,Texas Southern
1964,Sam Williams,88,RDE,Michigan St.
1964,Gail Cogdill,89,LE,Washington St.
1965,George Izo,15,QB,Notre Dame
1965,Milt Plum,16,QB,Penn St.
1965,Tom Myers,18,QB,Northwestern
1965,Bruce Maher,21,SS,Detroit Mercy
1965,Tom Watkins,23,HB,Iowa St.
1965,Pat Studstill,25,FL/LE,Houston
1965,Bobby Thompson,27,RCB,Arizona
1965,Amos Marsh,31,HB,Oregon St.
1965,Joe Don Looney,32,HB,"Cameron , Texas , TCU , Oklahoma"
1965,Nick Pietrosante,33,FB,Notre Dame
1965,Tom Nowatzke,35,FB,Indiana
1965,Terry Barr,41,FL,Michigan
1965,Bobby Smith,43,DB,UCLA
1965,Jimmy Hill,43,DB,Sam Houston St.
1965,Dick LeBeau,44,LCB,Ohio St.
1965,Bobby Felts,45,HB,Florida A&M
1965,Jim Kearney,46,DB,Prairie View A&M
1965,Wayne Rasmussen,47,FS,South Dakota St.
1965,Tom Vaughn,48,FS,Iowa St.
1965,Bob Whitlow,51,C,"Indiana , Arizona"
1965,Mike Lucci,53,LB,"Pittsburgh , Tennessee"
1965,Ed Flanagan,54,C,Purdue
1965,Wayne Walker,55,RLB,Idaho
1965,Joe Schmidt,56,MLB,Pittsburgh
1965,Ernie Clark,59,LLB,Michigan St.
1965,Ted Karras,62,LG,Indiana
1965,Jim Simon,66,RT,Miami (FL)
1965,Wally Hilgenberg,67,LB,Iowa
1965,Daryl Sanders,70,LT,Ohio St.
1965,Alex Karras,71,LDT,Iowa
1965,Roger Shoals,73,RT,Maryland
1965,Larry Hand,74,DE,Appalachian St.
1965,John Gordy,75,RG,Tennessee
1965,Roger Brown,76,RDT,MD-Eastern Shore
1965,Darris McCord,78,LDE,Tennessee
1965,John Gonzaga,79,LG,
1965,Jim Gibbons,80,TE,Iowa
1965,Night Train Lane,81,CB,Western Nebraska CC
1965,Jerry Rush,82,DT,Michigan St.
1965,Ron Kramer,83,TE,Michigan
1965,John Henderson,87,WR,Michigan
1965,Sam Williams,88,RDE,Michigan St.
1965,Gail Cogdill,89,LE,Washington St.
1966,Garo Yepremian,1,K,
1966,Karl Sweetan,14,QB,"Texas A&M , Wake Forest"
1966,Milt Plum,16,QB,Penn St.
1966,Tom Myers,18,QB,Northwestern
1966,Bruce Maher,21,SS,Detroit Mercy
1966,Bruce McLenna,24,HB,"Michigan , Hillsdale"
1966,Pat Studstill,25,FL,Houston
1966,Bobby Thompson,27,LCB,Arizona
1966,Amos Marsh,31,HB,Oregon St.
1966,Joe Don Looney,32,HB,"Cameron , Texas , TCU , Oklahoma"
1966,Jim Todd,34,HB,Ball St.
1966,Tom Nowatzke,35,FB,Indiana
1966,Willie Walker,40,WR,Tennessee St.
1966,Bobby Smith,43,DB,UCLA
1966,Dick LeBeau,44,RCB,Ohio St.
1966,Bobby Felts,45,HB,Florida A&M
1966,Jim Kearney,46,DB,Prairie View A&M
1966,Wayne Rasmussen,47,FS,South Dakota St.
1966,Tom Vaughn,48,DB,Iowa St.
1966,Johnnie Robinson,49,DB,Tennessee St.
1966,Mike Alford,50,C,Auburn
1966,Lou Slaby,51,LB,Pittsburgh
1966,Bill Cody,52,LB,Auburn
1966,Mike Lucci,53,MLB,"Pittsburgh , Tennessee"
1966,Ed Flanagan,54,C,Purdue
1966,Wayne Walker,55,RLB,Idaho
1966,Ernie Clark,59,LLB,Michigan St.
1966,Doug Van Horn,60,G,Ohio St.
1966,Bob Kowalkowski,66,LG,Virginia
1966,Wally Hilgenberg,67,RLB,Iowa
1966,Daryl Sanders,70,LT,Ohio St.
1966,Alex Karras,71,LDT,Iowa
1966,J.D. Smith,72,RT,Rice
1966,Roger Shoals,73,T,Maryland
1966,Larry Hand,74,RDE,Appalachian St.
1966,John Gordy,75,RG,Tennessee
1966,Roger Brown,76,RDT,MD-Eastern Shore
1966,Darris McCord,78,LDE,Tennessee
1966,Jim Gibbons,80,TE,Iowa
1966,Bill Malinchak,81,SE,Indiana
1966,Jerry Rush,82,DT,Michigan St.
1966,Jerry Mazzanti,83,DE,Arkansas
1966,John Henderson,87,FL,Michigan
1966,Ron Kramer,88,TE,Michigan
1966,Gail Cogdill,89,LE,Washington St.
1967,Garo Yepremian,1,K,
1967,Karl Sweetan,14,QB,"Texas A&M , Wake Forest"
1967,Milt Plum,16,QB,Penn St.
1967,Lem Barney,20,LCB,Jackson St.
1967,Bruce Maher,21,SS,Detroit Mercy
1967,Tom Watkins,23,HB,Iowa St.
1967,Mel Farr,24,FB/HB,UCLA
1967,Pat Studstill,25,FL,Houston
1967,Mike Bass,26,DB,Michigan
1967,Bobby Thompson,27,DB,Arizona
1967,Mike Weger,28,DB,Bowling Green
1967,Amos Marsh,31,HB,Oregon St.
1967,Tom Nowatzke,35,FB,Indiana
1967,Dick LeBeau,44,RCB,Ohio St.
1967,Bobby Felts,45,HB,Florida A&M
1967,Wayne Rasmussen,47,DB,South Dakota St.
1967,Tom Vaughn,48,FS,Iowa St.
1967,Bill Cottrell,52,LT,Delaware Valley
1967,Mike Lucci,53,MLB,"Pittsburgh , Tennessee"
1967,Ed Flanagan,54,C,Purdue
1967,Wayne Walker,55,RLB,Idaho
1967,Ron Goovert,57,LB,Michigan St.
1967,Paul Naumoff,58,LB,Tennessee
1967,Ernie Clark,59,LLB,Michigan St.
1967,Chuck Walton,63,LG,Iowa St.
1967,Bob Kowalkowski,66,G,Virginia
1967,Frank Gallagher,68,G,North Carolina
1967,Denis Moore,70,DT,USC
1967,Alex Karras,71,LDT,Iowa
1967,Roger Shoals,73,LT,Maryland
1967,Larry Hand,74,RDE,Appalachian St.
1967,John Gordy,75,RG,Tennessee
1967,Randy Winkler,77,T,Tarleton St.
1967,Darris McCord,78,LDE,Tennessee
1967,Charlie Bradshaw,79,RT,Baylor
1967,Jim Gibbons,80,TE,Iowa
1967,Bill Malinchak,81,LE,Indiana
1967,Jerry Rush,82,RDT,Michigan St.
1967,Mike Melinkovich,83,DE,Washington
1967,Jerry Zawadzkas,85,TE,Columbia
1967,Lew Kamanu,85,DE,Weber St.
1967,John McCambridge,86,DE,Northwestern
1967,John Henderson,87,FL,Michigan
1967,Ron Kramer,88,TE,Michigan
1967,Gail Cogdill,89,LE,Washington St.
1968,Greg Landry,11,QB,Massachusetts
1968,Jerry DePoyster,15,P,Wyoming
1968,Bill Munson,19,QB,Utah St.
1968,Lem Barney,20,LCB,Jackson St.
1968,Mike Campbell,21,RB,Lenoir-Rhyne
1968,Phil Odle,23,WR,BYU
1968,Mel Farr,24,RB,UCLA
1968,Earl McCullouch,25,LE,USC
1968,Bobby Thompson,27,DB,Arizona
1968,Mike Weger,28,SS,Bowling Green
1968,Billy Gambrell,3,FL,South Carolina
1968,Tom Nowatzke,35,FB,Indiana
1968,Bill Triplett,38,RB,Miami (OH)
1968,Nick Eddy,40,RB,Notre Dame
1968,Dave Kopay,43,RB,Washington
1968,Dick LeBeau,44,RCB,Ohio St.
1968,Jim Welch,46,DB,SMU
1968,Wayne Rasmussen,47,DB,South Dakota St.
1968,Tom Vaughn,48,FS,Iowa St.
1968,Bill Swain,51,LB,Oregon
1968,Bill Cottrell,52,T,Delaware Valley
1968,Mike Lucci,53,MLB,"Pittsburgh , Tennessee"
1968,Ed Flanagan,54,C,Purdue
1968,Wayne Walker,55,RLB,Idaho
1968,Paul Naumoff,58,LLB,Tennessee
1968,Chuck Sieminski,61,DT,Penn St.
1968,Ed Mooney,62,LB,Texas Tech
1968,Chuck Walton,63,LG,Iowa St.
1968,Bob Kowalkowski,66,RG,Virginia
1968,Frank Gallagher,68,G,North Carolina
1968,Denis Moore,70,RDE,USC
1968,Alex Karras,71,LDT,Iowa
1968,Roger Shoals,73,LT,Maryland
1968,Larry Hand,74,DE,Appalachian St.
1968,Rocky Freitas,76,T,Oregon St.
1968,John Baker,78,LDE,North Carolina Central
1968,Charlie Bradshaw,79,RT,Baylor
1968,Jim Gibbons,80,TE,Iowa
1968,Bill Malinchak,81,WR,Indiana
1968,Jerry Rush,82,RDT,Michigan St.
1968,Greg Kent,83,DE,"Wisconsin , Utah"
1968,Joe Robb,84,RDE,TCU
1968,Lew Kamanu,85,DE,Weber St.
1968,Charlie Sanders,88,TE,Minnesota
1968,Gail Cogdill,89,SE,Washington St.
1969,Greg Landry,11,QB,Massachusetts
1969,Errol Mann,12,K,North Dakota
1969,Greg Barton,14,QB,Tulsa
1969,Bill Munson,19,QB,Utah St.
1969,Lem Barney,20,LCB,Jackson St.
1969,Phil Odle,23,WR,BYU
1969,Mel Farr,24,RB,UCLA
1969,Earl McCullouch,25,WR,USC
1969,Mike Weger,28,SS,Bowling Green
1969,Rick Duncan,3,P,Eastern Montana
1969,Larry Watkins,30,RB,Alcorn St.
1969,Tom Nowatzke,35,RB,Indiana
1969,Bill Triplett,38,RB,Miami (OH)
1969,Nick Eddy,40,RB,Notre Dame
1969,Altie Taylor,42,RB,Utah St.
1969,Dick LeBeau,44,RCB,Ohio St.
1969,Bobby Williams,45,DB,Central Oklahoma
1969,Wayne Rasmussen,47,DB,South Dakota St.
1969,Tom Vaughn,48,FS,Iowa St.
1969,Larry Walton,49,WR,Arizona St.
1969,Bill Swain,51,LB,Oregon
1969,Bill Cottrell,52,C,Delaware Valley
1969,Mike Lucci,53,MLB,"Pittsburgh , Tennessee"
1969,Ed Flanagan,54,C,Purdue
1969,Wayne Walker,55,RLB,Idaho
1969,Paul Naumoff,58,LLB,Tennessee
1969,Ed Mooney,62,LB,Texas Tech
1969,Chuck Walton,63,LG,Iowa St.
1969,Bob Kowalkowski,66,G,Virginia
1969,Rocky Rasley,67,G,Oregon St.
1969,Frank Gallagher,68,RG,North Carolina
1969,Denis Moore,70,RDT,USC
1969,Alex Karras,71,LDT,Iowa
1969,Dan Goich,72,DT,California
1969,Roger Shoals,73,LT,Maryland
1969,Larry Hand,74,RDE,Appalachian St.
1969,Jim Yarbrough,75,T,Florida
1969,Rocky Freitas,76,RT,Oregon St.
1969,Bill Malinchak,81,WR,Indiana
1969,Jerry Rush,82,RDT,Michigan St.
1969,Joe Robb,84,LDE,TCU
1969,Craig Cotton,87,TE,Youngstown St.
1969,Charlie Sanders,88,TE,Minnesota
1969,John Wright,89,WR,Illinois
